class,precision,recall,f1-score,support
No Tumor,0.9343065693430657,0.8533333333333334,0.89198606271777,300
Yes Tumor,0.8650306748466258,0.94,0.9009584664536742,300
accuracy,,,0.8966666666666666,600
