{
  "accuracy": 0.8967,
  "roc_auc": 0.9051,
  "pr_auc": 0.9205,
  "classification_report": {
    "No Tumor": {
      "precision": 0.9343065693430657,
      "recall": 0.8533333333333334,
      "f1-score": 0.89198606271777,
      "support": 300.0
    },
    "Yes Tumor": {
      "precision": 0.8650306748466258,
      "recall": 0.94,
      "f1-score": 0.9009584664536742,
      "support": 300.0
    },
    "accuracy": 0.8966666666666666,
    "macro avg": {
      "precision": 0.8996686220948458,
      "recall": 0.8966666666666667,
      "f1-score": 0.8964722645857222,
      "support": 600.0
    },
    "weighted avg": {
      "precision": 0.8996686220948457,
      "recall": 0.8966666666666666,
      "f1-score": 0.896472264585722,
      "support": 600.0
    }
  },
  "confusion_matrix": [
    [
      256,
      44
    ],
    [
      18,
      282
    ]
  ]
}