class,precision,recall,f1-score,support
No Tumor,0.9663461538461539,0.67,0.7913385826771654,300
Yes Tumor,0.7474489795918368,0.9766666666666667,0.846820809248555,300
accuracy,,,0.8233333333333334,600
