{
    "CNN": {
        "train_acc": 0.815833330154419,
        "val_acc": 0.8966666460037231,
        "train_loss": 35.88465881347656,
        "val_loss": 18.302228927612305,
        "test_accuracy": 0.8966666666666666,
        "roc_auc": 0.9051333333333333,
        "pr_auc": 0.9204657073833847
    },
    "EfficientNetB0": {
        "train_acc": 0.9854166507720947,
        "val_acc": 0.9866666793823242,
        "train_loss": 0.05121730640530586,
        "val_loss": 0.03373325988650322,
        "test_accuracy": 0.9866666666666667,
        "roc_auc": 0.9991666666666666,
        "pr_auc": 0.9992314873998867
    }
}