{
  "accuracy": 0.9867,
  "roc_auc": 0.9992,
  "pr_auc": 0.9992,
  "classification_report": {
    "No Tumor": {
      "precision": 0.9899328859060402,
      "recall": 0.9833333333333333,
      "f1-score": 0.9866220735785953,
      "support": 300.0
    },
    "Yes Tumor": {
      "precision": 0.9834437086092715,
      "recall": 0.99,
      "f1-score": 0.9867109634551495,
      "support": 300.0
    },
    "accuracy": 0.9866666666666667,
    "macro avg": {
      "precision": 0.9866882972576558,
      "recall": 0.9866666666666666,
      "f1-score": 0.9866665185168724,
      "support": 600.0
    },
    "weighted avg": {
      "precision": 0.9866882972576559,
      "recall": 0.9866666666666667,
      "f1-score": 0.9866665185168724,
      "support": 600.0
    }
  },
  "confusion_matrix": [
    [
      295,
      5
    ],
    [
      3,
      297
    ]
  ]
}